{
  "hash": "8e271238",
  "configHash": "86ddae61",
  "lockfileHash": "2205187d",
  "browserHash": "236aa83f",
  "optimized": {
    "@angular-slider/ngx-slider": {
      "src": "../../../../../../node_modules/@angular-slider/ngx-slider/fesm2022/angular-slider-ngx-slider.mjs",
      "file": "@angular-slider_ngx-slider.js",
      "fileHash": "25b32867",
      "needsInterop": false
    },
    "@angular/common": {
      "src": "../../../../../../node_modules/@angular/common/fesm2022/common.mjs",
      "file": "@angular_common.js",
      "fileHash": "69ed5657",
      "needsInterop": false
    },
    "@angular/common/http": {
      "src": "../../../../../../node_modules/@angular/common/fesm2022/http.mjs",
      "file": "@angular_common_http.js",
      "fileHash": "512303b1",
      "needsInterop": false
    },
    "@angular/core": {
      "src": "../../../../../../node_modules/@angular/core/fesm2022/core.mjs",
      "file": "@angular_core.js",
      "fileHash": "db4c2730",
      "needsInterop": false
    },
    "@angular/forms": {
      "src": "../../../../../../node_modules/@angular/forms/fesm2022/forms.mjs",
      "file": "@angular_forms.js",
      "fileHash": "0f72a32f",
      "needsInterop": false
    },
    "@angular/platform-browser": {
      "src": "../../../../../../node_modules/@angular/platform-browser/fesm2022/platform-browser.mjs",
      "file": "@angular_platform-browser.js",
      "fileHash": "98bc46d2",
      "needsInterop": false
    },
    "@angular/platform-browser/animations": {
      "src": "../../../../../../node_modules/@angular/platform-browser/fesm2022/animations.mjs",
      "file": "@angular_platform-browser_animations.js",
      "fileHash": "205445f0",
      "needsInterop": false
    },
    "@angular/router": {
      "src": "../../../../../../node_modules/@angular/router/fesm2022/router.mjs",
      "file": "@angular_router.js",
      "fileHash": "ea6282fc",
      "needsInterop": false
    },
    "@ng-bootstrap/ng-bootstrap": {
      "src": "../../../../../../node_modules/@ng-bootstrap/ng-bootstrap/fesm2022/ng-bootstrap.mjs",
      "file": "@ng-bootstrap_ng-bootstrap.js",
      "fileHash": "6cc8d8a7",
      "needsInterop": false
    },
    "@rive-app/canvas": {
      "src": "../../../../../../node_modules/@rive-app/canvas/rive.js",
      "file": "@rive-app_canvas.js",
      "fileHash": "f3e16223",
      "needsInterop": true
    },
    "chart.js": {
      "src": "../../../../../../node_modules/chart.js/dist/chart.js",
      "file": "chart__js.js",
      "fileHash": "75aadad0",
      "needsInterop": false
    },
    "exceljs": {
      "src": "../../../../../../node_modules/exceljs/dist/exceljs.min.js",
      "file": "exceljs.js",
      "fileHash": "9a44e25e",
      "needsInterop": true
    },
    "file-saver": {
      "src": "../../../../../../node_modules/file-saver/dist/FileSaver.min.js",
      "file": "file-saver.js",
      "fileHash": "7333fd18",
      "needsInterop": true
    },
    "html2canvas": {
      "src": "../../../../../../node_modules/html2canvas/dist/html2canvas.esm.js",
      "file": "html2canvas.js",
      "fileHash": "892fd6cb",
      "needsInterop": false
    },
    "jspdf": {
      "src": "../../../../../../node_modules/jspdf/dist/jspdf.es.min.js",
      "file": "jspdf.js",
      "fileHash": "c8afdeb5",
      "needsInterop": false
    },
    "moment-timezone": {
      "src": "../../../../../../node_modules/moment-timezone/index.js",
      "file": "moment-timezone.js",
      "fileHash": "6518c370",
      "needsInterop": true
    },
    "ngx-bootstrap/datepicker": {
      "src": "../../../../../../node_modules/ngx-bootstrap/datepicker/fesm2022/ngx-bootstrap-datepicker.mjs",
      "file": "ngx-bootstrap_datepicker.js",
      "fileHash": "5cf90a75",
      "needsInterop": false
    },
    "ngx-filter-pipe": {
      "src": "../../../../../../node_modules/ngx-filter-pipe/fesm2022/ngx-filter-pipe.mjs",
      "file": "ngx-filter-pipe.js",
      "fileHash": "cc836e23",
      "needsInterop": false
    },
    "ngx-spinner": {
      "src": "../../../../../../node_modules/ngx-spinner/fesm2022/ngx-spinner.mjs",
      "file": "ngx-spinner.js",
      "fileHash": "57e87806",
      "needsInterop": false
    },
    "numeral": {
      "src": "../../../../../../node_modules/numeral/numeral.js",
      "file": "numeral.js",
      "fileHash": "ca40b25d",
      "needsInterop": true
    },
    "rxjs": {
      "src": "../../../../../../node_modules/rxjs/dist/esm5/index.js",
      "file": "rxjs.js",
      "fileHash": "4b2f2634",
      "needsInterop": false
    },
    "rxjs/operators": {
      "src": "../../../../../../node_modules/rxjs/dist/esm5/operators/index.js",
      "file": "rxjs_operators.js",
      "fileHash": "a483c8c8",
      "needsInterop": false
    },
    "xlsx": {
      "src": "../../../../../../node_modules/xlsx/xlsx.mjs",
      "file": "xlsx.js",
      "fileHash": "4b0c1320",
      "needsInterop": false
    },
    "zone.js": {
      "src": "../../../../../../node_modules/zone.js/fesm2015/zone.js",
      "file": "zone__js.js",
      "fileHash": "3453c79d",
      "needsInterop": true
    }
  },
  "chunks": {
    "purify.es-QF2M73SK": {
      "file": "purify__es-QF2M73SK.js"
    },
    "index.es-J54KAXCS": {
      "file": "index__es-J54KAXCS.js"
    },
    "chunk-WUUVWCMF": {
      "file": "chunk-WUUVWCMF.js"
    },
    "chunk-PH7NURM7": {
      "file": "chunk-PH7NURM7.js"
    },
    "chunk-72QC4ORR": {
      "file": "chunk-72QC4ORR.js"
    },
    "chunk-5FNEAQX7": {
      "file": "chunk-5FNEAQX7.js"
    },
    "chunk-NSXK2DWM": {
      "file": "chunk-NSXK2DWM.js"
    },
    "chunk-RIBBW3IG": {
      "file": "chunk-RIBBW3IG.js"
    },
    "chunk-CGSYXZZX": {
      "file": "chunk-CGSYXZZX.js"
    },
    "chunk-KRD6GZDG": {
      "file": "chunk-KRD6GZDG.js"
    },
    "chunk-O7NFTJFI": {
      "file": "chunk-O7NFTJFI.js"
    },
    "chunk-WGQN7DY4": {
      "file": "chunk-WGQN7DY4.js"
    },
    "chunk-7SEQXISM": {
      "file": "chunk-7SEQXISM.js"
    },
    "chunk-43Q5NIZN": {
      "file": "chunk-43Q5NIZN.js"
    },
    "chunk-N2GUINJT": {
      "file": "chunk-N2GUINJT.js"
    },
    "chunk-OWGIDFST": {
      "file": "chunk-OWGIDFST.js"
    },
    "chunk-V4F5PRXT": {
      "file": "chunk-V4F5PRXT.js"
    }
  }
}